[
    {
        "continent_code": "AF",
        "continent_name": "Africa",
        "countries": [
            "DZ",
            "AO",
            "BW",
            "BI",
            "CM",
            "CV",
            "CF",
            "TD",
            "KM",
            "YT",
            "CG",
            "CD",
            "BJ",
            "GQ",
            "ET",
            "ER",
            "DJ",
            "GA",
            "GM",
            "GH",
            "GN",
            "CI",
            "KE",
            "LS",
            "LR",
            "LY",
            "MG",
            "MW",
            "ML",
            "MR",
            "MU",
            "MA",
            "MZ",
            "NA",
            "NE",
            "NG",
            "GW",
            "RE",
            "RW",
            "SH",
            "ST",
            "SN",
            "SC",
            "SL",
            "SO",
            "ZA",
            "ZW",
            "SS",
            "EH",
            "SD",
            "SZ",
            "TG",
            "TN",
            "UG",
            "EG",
            "TZ",
            "BF",
            "ZM"
        ],
        "i18n": {
            "af": "Afrika",
            "an": "Antartika",
            "as": "Asië",
            "ee": "Africa",
            "el": "Αφρική",
            "en": "Africa",
            "eo": "Afriko",
            "es": "África",
            "et": "Aafrika",
            "eu": "Europa",
            "fa": "افریقا",
            "fi": "Afrikka",
            "fo": "Afrika",
            "fr": "Afrique",
            "ga": "An Afraic",
            "gl": "África",
            "gu": "આફ્રિકા",
            "he": "אפריקה",
            "hi": "अफ्रीका",
            "hr": "Afrika",
            "hu": "Afrika",
            "hy": "Աֆրիկա",
            "ia": "Africa",
            "id": "Afrika",
            "is": "Afríka",
            "it": "Africa",
            "ja": "アフリカ大陸",
            "ka": "აფრიკა",
            "ki": "Africa",
            "km": "អាហ្វ្រិក",
            "kn": "ಆಫ್ರಿಕಾ",
            "ko": "아프리카",
            "lg": "Africa",
            "lo": "ອາຟຣິກກາ",
            "lt": "Afrika",
            "lv": "Āfrika",
            "mk": "Африка",
            "ml": "ആഫ്രിക്ക",
            "mr": "आफ्रिका",
            "ms": "Afrika",
            "mt": "Afrika",
            "my": "အာဖရိက",
            "na": "Noord-Amerika",
            "nb": "Afrika",
            "ne": "अफ्रिका",
            "nl": "Afrika",
            "nn": "Afrika",
            "no": "Afrika",
            "oc": "Oseanië",
            "or": "ଆଫ୍ରିକା",
            "pl": "Afryka",
            "pt": "África",
            "rm": "Africa",
            "ro": "Africa",
            "ru": "Африка",
            "sa": "Suid-Amerika",
            "se": "Afrihkká",
            "sk": "Afrika",
            "sl": "Afrika",
            "sn": "Africa",
            "sq": "Afrika",
            "sr": "Африка",
            "sv": "Afrika",
            "ta": "ஆப்பிரிக்கா",
            "te": "ఆఫ్రికా",
            "th": "แอฟริกา",
            "ti": "Africa",
            "tl": "Aprika",
            "tr": "Afrika",
            "uk": "Африка",
            "ur": "افریقہ",
            "vi": "Châu Phi",
            "zh-cn": "非洲",
            "zh-tw": "非洲"
        }
    },
    {
        "continent_code": "AN",
        "continent_name": "Antarctica",
        "countries": [
            "AQ",
            "BV",
            "GS",
            "TF",
            "HM"
        ],
        "i18n": {
            "ee": "Antarctica",
            "el": "Ανταρκτική",
            "en": "Antarctica",
            "eo": "Antarkto",
            "es": "Antártida",
            "et": "Antarktika",
            "eu": "Antartika",
            "fa": " جنوبگان",
            "fi": "Antarktis",
            "fo": "Antarktis",
            "fr": "Antarctique",
            "ga": "An Antartaice",
            "gl": "Antártida",
            "gu": "ઍન્ટાર્કટિકા‎",
            "he": "אנטארקטיקה",
            "hi": "अंटार्कटिका",
            "hr": "Antarktika",
            "hu": "Antarktisz",
            "hy": "Անտարկտիդա",
            "ia": "Antarctica",
            "id": "Antartika",
            "is": "Suðurskautslandið",
            "it": "Antartide",
            "ja": "南極大陸",
            "ka": "ანტარქტიდა",
            "ki": "Antarctica",
            "km": "អង់តាក់ទិក",
            "kn": "ಅಂಟಾರ್ಕ್ಟಿಕ",
            "ko": "남극",
            "lg": "Antarctica",
            "lo": "ອາກຕິກ",
            "lt": "Antarktida",
            "lv": "Antarktīda",
            "mk": "Антарктик",
            "ml": "അന്റാർട്ടിക്ക",
            "mr": "अंटार्क्टिका",
            "ms": "Antartika",
            "mt": "Antartika",
            "my": "အန္တာတိက",
            "nb": "Antarktis",
            "ne": "अन्टार्टिका",
            "nl": "Antarctica",
            "nn": "Antarktika",
            "no": "Antarktis",
            "or": "ଆଣ୍ଟର୍କଟିକା",
            "pl": "Antarktyda",
            "pt": "Antártida",
            "rm": "Antarctica",
            "ro": "Antarctida",
            "ru": "Антарктида",
            "se": "Antárktis",
            "sk": "Antarktída",
            "sl": "Antarktika",
            "sn": "Antarctica",
            "sq": "Antarktida",
            "sr": "Антарктик",
            "sv": "Antarktis",
            "ta": "அண்டார்டிக்கா",
            "te": "అంటార్కిటికా",
            "th": "แอนตาร์กติกา",
            "ti": "Antarctica",
            "tl": "Antartika",
            "tr": "Antarktika",
            "uk": "Антарктида",
            "ur": "انٹارکٹکا",
            "vi": "Châu Nam Cực",
            "zh-cn": "南极洲",
            "zh-tw": "南極洲"
        }
    },
    {
        "continent_code": "AS",
        "continent_name": "Asia",
        "countries": [
            "AF",
            "AZ",
            "BH",
            "BD",
            "AM",
            "BT",
            "IO",
            "BN",
            "MM",
            "KH",
            "LK",
            "CN",
            "TW",
            "CX",
            "CC",
            "CY",
            "GE",
            "PS",
            "HK",
            "IN",
            "ID",
            "IR",
            "IQ",
            "IL",
            "JP",
            "KZ",
            "JO",
            "KP",
            "KR",
            "KW",
            "KG",
            "LA",
            "LB",
            "MO",
            "MY",
            "MV",
            "MN",
            "OM",
            "NP",
            "PK",
            "PH",
            "TL",
            "QA",
            "RU",
            "SA",
            "SG",
            "VN",
            "SY",
            "TJ",
            "TH",
            "AE",
            "TR",
            "TM",
            "UZ",
            "YE",
            "XE",
            "XD",
            "XS"
        ],
        "i18n": {
            "ee": "Asia",
            "el": "Ασία",
            "en": "Asia",
            "eo": "Azio",
            "es": "Asia",
            "et": "Aasia",
            "eu": "Asia",
            "fa": " آسیا",
            "fi": "Aasia",
            "fo": "Asia",
            "fr": "Asie",
            "ga": "An Áise",
            "gl": "Asia",
            "gu": "એશિયા",
            "he": "אסיה",
            "hi": "एशिया",
            "hr": "Azija",
            "hu": "Ázsia",
            "hy": "Ասիա",
            "ia": "Asia",
            "id": "Asia",
            "is": "Asía",
            "it": "Asia",
            "ja": "アジア大陸",
            "ka": "აზია",
            "ki": "Asia",
            "km": "អាស៊ី",
            "kn": "ಏಷ್ಯಾ",
            "ko": "아시아",
            "lg": "Asia",
            "lo": "ອາຊີ",
            "lt": "Azija",
            "lv": "Āzija",
            "mk": "Азија",
            "ml": "ഏഷ്യ",
            "mr": "आशिया",
            "ms": "Asia",
            "mt": "Asia",
            "my": "အာရှ",
            "nb": "Asia",
            "ne": "एशिया",
            "nl": "Azië",
            "nn": "Asia",
            "no": "Asia",
            "or": "ଏସିଆ",
            "pl": "Azja",
            "pt": "Ásia",
            "rm": "Asia",
            "ro": "Asia",
            "ru": "Азия",
            "se": "Ásia",
            "sk": "Ázia:",
            "sl": "Azija",
            "sn": "Asia",
            "sq": "Azia",
            "sr": "Азија",
            "sv": "Asien",
            "ta": "ஆசியா",
            "te": "ఆసియ",
            "th": "เอเชีย",
            "ti": "Asia",
            "tl": "Asya",
            "tr": "Asya",
            "uk": "Азія",
            "ur": "ایشیاء",
            "vi": "Châu Á",
            "zh-cn": "亚洲",
            "zh-tw": "亞洲"
        }
    },
    {
        "continent_code": "EU",
        "continent_name": "Europe",
        "countries": [
            "AL",
            "AD",
            "AZ",
            "AT",
            "AM",
            "BE",
            "BA",
            "BG",
            "BY",
            "HR",
            "CY",
            "CZ",
            "DK",
            "EE",
            "FO",
            "FI",
            "AX",
            "FR",
            "GE",
            "DE",
            "GI",
            "GR",
            "VA",
            "HU",
            "IS",
            "IE",
            "IT",
            "KZ",
            "LV",
            "LI",
            "LT",
            "LU",
            "MT",
            "MC",
            "MD",
            "ME",
            "NL",
            "NO",
            "PL",
            "PT",
            "RO",
            "RU",
            "SM",
            "RS",
            "SK",
            "SI",
            "ES",
            "SJ",
            "SE",
            "CH",
            "TR",
            "UA",
            "MK",
            "GB",
            "GG",
            "JE",
            "IM",
            "XK"
        ],
        "i18n": {
            "de": "Europa",
            "ee": "Europe",
            "el": "Ευρώπη",
            "en": "Europe",
            "eo": "Eŭropo",
            "es": "Europa",
            "et": "Euroopa",
            "eu": "Europa",
            "fa": " اروپا",
            "fi": "Eurooppa",
            "fo": "Evropa",
            "fr": "Europe",
            "ga": "An Eoraip",
            "gl": "Europa",
            "gu": "યુરોપ",
            "he": "אסיה",
            "hi": "यूरोप",
            "hr": "Europa",
            "hu": "Európa",
            "hy": "Եվրոպա",
            "ia": "Europa",
            "id": "Eropa",
            "is": "Evrópa",
            "it": "Europa",
            "ja": "ヨーロッパ大陸",
            "ka": "ევროპა",
            "ki": "Europe",
            "km": "អឺរ៉ុប",
            "kn": "ಯುರೋಪ್",
            "ko": "유럽",
            "lg": "Europe",
            "lo": "ເອີລົບ",
            "lt": "Europa",
            "lv": "Eiropa",
            "mk": "Европа",
            "ml": "യൂറോപ്പ്",
            "mr": "युरोप",
            "ms": "Eropah",
            "mt": "Ewropa",
            "my": "ဥရောပ",
            "nb": "Europa",
            "ne": "युरोप",
            "nl": "Europa",
            "nn": "Europa",
            "no": "Europa",
            "or": "ଏସିଆ",
            "pl": "Europa",
            "pt": "Europa",
            "rm": "Europa",
            "ro": "Europa",
            "ru": "Европа",
            "se": "Eurohpá",
            "sk": "Európa",
            "sl": "Evropa",
            "sn": "Evropa",
            "sq": "Evropa",
            "sr": "Европа",
            "sv": "Europa",
            "ta": "ஐரோப்பா",
            "te": "సీమ",
            "th": "เอเชีย",
            "ti": "Europe",
            "tl": "Europa",
            "tr": "Avrupa",
            "uk": "Азія",
            "ur": "یورپ",
            "vi": "Châu Âu",
            "zh-cn": "欧洲",
            "zh-tw": "歐洲"
        }
    },
    {
        "continent_code": "NA",
        "continent_name": "North America",
        "countries": [
            "AG",
            "BS",
            "BB",
            "BM",
            "BZ",
            "VG",
            "CA",
            "KY",
            "CR",
            "CU",
            "DM",
            "DO",
            "SV",
            "GL",
            "GD",
            "GP",
            "GT",
            "HT",
            "HN",
            "JM",
            "MQ",
            "MX",
            "MS",
            "AN",
            "CW",
            "AW",
            "SX",
            "BQ",
            "NI",
            "UM",
            "PA",
            "PR",
            "BL",
            "KN",
            "AI",
            "LC",
            "MF",
            "PM",
            "VC",
            "TT",
            "TC",
            "US",
            "VI"
        ],
        "i18n": {
            "de": "Nordamerika",
            "ee": "North America",
            "el": "Βόρεια Αμερική",
            "en": "North America",
            "eo": "Nord-Ameriko",
            "es": "Norteamérica",
            "et": "Põhja-Ameerika",
            "eu": "Ipar Amerika",
            "fa": " امریکای شمالی",
            "fi": "Pohjois Amerikka",
            "fo": "Norðuramerika",
            "fr": "Amérique Du Nord",
            "ga": "Meiriceá Thuaidh",
            "gl": "América Do Norte",
            "gu": "ઉ.અમેરિકા",
            "he": "אמריקה הצפונית",
            "hi": "उत्तरी अमरीका",
            "hr": "Sjeverna Amerika",
            "hu": "Észak-Amerika",
            "hy": "Հյուսիսային Ամերիկա",
            "ia": "America Del Nord",
            "id": "Amerika Utara",
            "is": "Norður-Ameríka",
            "it": "Nordamerica",
            "ja": "北アメリカ大陸",
            "ka": "ჩრდილოეთი ამერიკა",
            "ki": "North America",
            "km": "អាមេរិក​ខាង​ជើង",
            "kn": "ಉತ್ತರ ಅಮೇರಿಕ",
            "ko": "북아메리카",
            "lg": "North America",
            "lo": "ອະເມລິກາເໜືອ",
            "lt": "Šiaurės Amerika",
            "lv": "Ziemeļamerika",
            "mk": "Северна Америка",
            "ml": "വടക്കേ അമേരിക്ക",
            "mr": "उत्तर अमेरिका",
            "ms": "Amerika Utara",
            "mt": "North America",
            "my": "မြောက်အမေရိက",
            "nb": "Nord-Amerika",
            "ne": "उत्तर अमेरिका",
            "nl": "Noord-Amerika",
            "nn": "Nord-Amerika",
            "no": "Nord-Amerika",
            "or": "ଉତ୍ତର ଆମେରିକା",
            "pl": "Ameryka Północna",
            "pt": "América Do Norte",
            "rm": "America Dal Nord",
            "ro": "America De Nord",
            "ru": "Северная Америка",
            "se": "Davvi-Amerihkká",
            "sk": "Severná Amerika",
            "sl": "Severna Amerika",
            "sn": "North America",
            "sq": "Amerika Veriore",
            "sr": "Северна Америка",
            "sv": "Nordamerika",
            "ta": "வட அமெரிக்கா",
            "te": "ఉత్తరము అమెరికా",
            "th": "อเมริกาเหนือ",
            "ti": "North America",
            "tl": "Hilagang Amerika",
            "tr": "Kuzey Amerika",
            "uk": "Північна Америка",
            "ur": "شمالی امریکہ",
            "vi": "Bắc Mỹ",
            "zh-cn": "北美洲",
            "zh-tw": "北美洲"
        }
    },
    {
        "continent_code": "OC",
        "continent_name": "Oceania",
        "countries": [
            "AS",
            "AU",
            "SB",
            "CK",
            "FJ",
            "PF",
            "KI",
            "GU",
            "NR",
            "NC",
            "VU",
            "NZ",
            "NU",
            "NF",
            "MP",
            "UM",
            "FM",
            "MH",
            "PW",
            "PG",
            "PN",
            "TK",
            "TO",
            "TV",
            "WF",
            "WS",
            "XX"
        ],
        "i18n": {
            "de": "Ozeanien",
            "ee": "Oceania",
            "el": "Ωκεανία",
            "en": "Oceania",
            "eo": "Oceanio",
            "es": "Oceanía",
            "et": "Põhja-Ameerika",
            "eu": "Ozeania",
            "fa": "اقیانوسیه",
            "fi": "Pohjois Amerikka",
            "fo": "Norðuramerika",
            "fr": "Océanie",
            "ga": "Meiriceá Thuaidh",
            "gl": "Oceanía",
            "gu": "ઓશનિયા",
            "he": "אמריקה הצפונית",
            "hi": "ऑस्ट्रेलिया",
            "hr": "Sjeverna Amerika",
            "hu": "Óceánia",
            "hy": "Օվկիանիա",
            "ia": "Oceania",
            "id": "Oceania",
            "is": "Norður-Ameríka",
            "it": "Oceania",
            "ja": "北アメリカ大陸",
            "ka": "ჩრდილოეთი ამერიკა",
            "ki": "Oceania",
            "km": "អូសេអានី",
            "kn": "ಒಷ್ಯಾನಿಯ",
            "ko": "오세아니아",
            "lg": "Oceania",
            "lo": "ໂອເຊອານີ",
            "lt": "Šiaurės Amerika",
            "lv": "Ziemeļamerika",
            "mk": "Северна Америка",
            "ml": "വടക്കേ അമേരിക്ക",
            "mr": "ओशनिया",
            "ms": "Oceania",
            "mt": "Oċeanja",
            "my": "အိုရှန်းနီးယား",
            "nb": "Oseania",
            "ne": "ओशिनिया",
            "nl": "Oceanië",
            "nn": "Oseania",
            "no": "Oseania",
            "or": "ଉତ୍ତର ଆମେରିକା",
            "pl": "Oceania",
            "pt": "Oceania",
            "rm": "Oceania",
            "ro": "Oceania",
            "ru": "Северная Америка",
            "se": "Oseania",
            "sk": "Severná Amerika",
            "sl": "Severna Amerika",
            "sn": "Oceania",
            "sq": "Oqeania",
            "sr": "Северна Америка",
            "sv": "Oceanien",
            "ta": "வட அமெரிக்கா",
            "te": "ఉత్తరము అమెరికా",
            "th": "โอเชียเนีย",
            "ti": "Oceania",
            "tl": "Oceania",
            "tr": "Okyanusya",
            "uk": "Північна Америка",
            "ur": "شمالی امریکہ",
            "vi": "Châu Đại Dương",
            "zh-cn": "大洋洲",
            "zh-tw": "大洋洲"
        }
    },
    {
        "continent_code": "SA",
        "continent_name": "South America",
        "countries": [
            "AR",
            "BO",
            "BR",
            "CL",
            "CO",
            "EC",
            "FK",
            "GF",
            "GY",
            "PY",
            "PE",
            "SR",
            "UY",
            "VE"
        ],
        "i18n": {
            "de": "Südamerika",
            "ee": "South America",
            "el": "Νότια Αμερική",
            "en": "South America",
            "eo": "Sud-Ameriko",
            "es": "Sudamérica",
            "et": "Lõuna-Ameerika",
            "eu": "Hego Amerika",
            "fa": "امریکای جنوبی",
            "fi": "Etelä Amerikka",
            "fo": "Suðuramerika",
            "fr": "Amérique Du Sud",
            "ga": "Meiriceá Theas",
            "gl": "América Do Sur",
            "gu": "દ.અમેરિકા",
            "he": "אמריקה הדרומית",
            "hi": "दक्षिण अमरीका",
            "hr": "Južna Amerika",
            "hu": "Dél-Amerika",
            "hy": "Հարավային Ամերիկա",
            "ia": "America Del Sud",
            "id": "Amerika Selatan",
            "is": "Suður-Ameríka",
            "it": "Sudamerica",
            "ja": "南アメリカ大陸",
            "ka": "სამხრეთი ამერიკა",
            "ki": "South America",
            "km": "អាមេរិក​ខាង​ត្បូង",
            "kn": "ದಕ್ಷಿಣ ಅಮೇರಿಕ",
            "ko": "남아메리카",
            "lg": "South America",
            "lo": "ອະເມລິກາໃຕ້",
            "lt": "Pietų Amerika",
            "lv": "Dienvidamerika",
            "mk": "Јужна Америка",
            "ml": "തെക്കേ അമേരിക്ക",
            "mr": "दक्षिण अमेरिका",
            "ms": "Amerika Selatan",
            "mt": "South America",
            "my": "တောင်အမေရိက",
            "nb": "Sør-Amerika",
            "ne": "दक्षिण अमेरिका",
            "nl": "Zuid-Amerika",
            "nn": "Sør-Amerika",
            "no": "Sør-Amerika",
            "or": "ଦକ୍ଷିଣ ଆମେରିକା",
            "pl": "Ameryka Południowa",
            "pt": "América Do Sul",
            "rm": "America Dal Sid",
            "ro": "America De Sud",
            "ru": "Южная Америка",
            "se": "Lulli-Amerihkká",
            "sk": "Južná Amerika",
            "sl": "Južna Amerika",
            "sn": "South America",
            "sq": "Amerika Jugore",
            "sr": "Јужна Америка",
            "sv": "Sydamerika",
            "ta": "தென் அமெரிக்கா",
            "te": "దక్షిణ దిక్కు అమెరికా",
            "th": "อเมริกาใต้",
            "ti": "South America",
            "tl": "Timog Amerika",
            "tr": "Güney Amerika",
            "uk": "Південна Америка",
            "ur": "جنوبی امریکہ",
            "vi": "Nam Mỹ",
            "zh-cn": "南美洲",
            "zh-tw": "南美洲"
        }
    }
]